{
    "Agent": {
        "total": 0.008562564849853516
    },
    "Env": {
        "apply_act": 0.2205812931060791,
        "observation_computation": 0.07898998260498047,
        "powerflow_computation": 0.10551023483276367,
        "total": 0.40508151054382324
    },
    "total": 0.4817938804626465
}