{
    "Agent": {
        "total": 26.955813884735107
    },
    "Env": {
        "apply_act": 1.1096234321594238,
        "observation_computation": 0.4248058795928955,
        "powerflow_computation": 0.5413877964019775,
        "total": 2.075817108154297
    },
    "total": 29.833539247512817
}