{
    "Agent": {
        "total": 14.79033350944519
    },
    "Env": {
        "apply_act": 0.033924102783203125,
        "observation_computation": 0.011872529983520508,
        "powerflow_computation": 0.01731133460998535,
        "total": 0.06310796737670898
    },
    "total": 14.86373782157898
}