{
    "Agent": {
        "total": 0.018504858016967773
    },
    "Env": {
        "apply_act": 0.44002485275268555,
        "observation_computation": 0.17159056663513184,
        "powerflow_computation": 0.21564412117004395,
        "total": 0.8272595405578613
    },
    "total": 0.9929280281066895
}