{
    "Agent": {
        "total": 22.83175301551819
    },
    "Env": {
        "apply_act": 0.05947375297546387,
        "observation_computation": 0.021824359893798828,
        "powerflow_computation": 0.029589414596557617,
        "total": 0.11088752746582031
    },
    "total": 22.982226133346558
}