{
    "Agent": {
        "total": 59.640761613845825
    },
    "Env": {
        "apply_act": 2.776606321334839,
        "observation_computation": 1.0261361598968506,
        "powerflow_computation": 1.3299009799957275,
        "total": 5.132643461227417
    },
    "total": 66.84298777580261
}