{
    "Agent": {
        "total": 14.141329526901245
    },
    "Env": {
        "apply_act": 1.5251438617706299,
        "observation_computation": 0.6004862785339355,
        "powerflow_computation": 0.7683181762695312,
        "total": 2.8939483165740967
    },
    "total": 17.592729806900024
}