{
    "Agent": {
        "total": 1.7908909320831299
    },
    "Env": {
        "apply_act": 2.654123544692993,
        "observation_computation": 1.0032703876495361,
        "powerflow_computation": 1.278353214263916,
        "total": 4.935747146606445
    },
    "total": 7.58348274230957
}