{
    "Agent": {
        "total": 31.327133893966675
    },
    "Env": {
        "apply_act": 1.1078846454620361,
        "observation_computation": 0.38846659660339355,
        "powerflow_computation": 0.4865541458129883,
        "total": 1.982905387878418
    },
    "total": 33.677916049957275
}