{
    "Agent": {
        "total": 2.4466421604156494
    },
    "Env": {
        "apply_act": 0.6844611167907715,
        "observation_computation": 0.25559163093566895,
        "powerflow_computation": 0.3625631332397461,
        "total": 1.3026158809661865
    },
    "total": 3.97206711769104
}