{
    "Agent": {
        "total": 81.57246589660645
    },
    "Env": {
        "apply_act": 1.2593142986297607,
        "observation_computation": 0.26282572746276855,
        "powerflow_computation": 0.3654208183288574,
        "total": 1.8875608444213867
    },
    "total": 83.98249316215515
}