{
    "Agent": {
        "total": 0.0014040470123291016
    },
    "Env": {
        "apply_act": 0.03484988212585449,
        "observation_computation": 0.013149023056030273,
        "powerflow_computation": 0.020107507705688477,
        "total": 0.06810641288757324
    },
    "total": 0.08092069625854492
}