{
    "Agent": {
        "total": 25.39258599281311
    },
    "Env": {
        "apply_act": 1.164891242980957,
        "observation_computation": 0.40198230743408203,
        "powerflow_computation": 0.5210719108581543,
        "total": 2.0879454612731934
    },
    "total": 27.807646989822388
}