{
    "Agent": {
        "total": 13.799152135848999
    },
    "Env": {
        "apply_act": 2.133969783782959,
        "observation_computation": 0.800774335861206,
        "powerflow_computation": 1.0010461807250977,
        "total": 3.9357903003692627
    },
    "total": 19.33846616744995
}