{
    "Agent": {
        "total": 0.011293888092041016
    },
    "Env": {
        "apply_act": 0.2672698497772217,
        "observation_computation": 0.10194802284240723,
        "powerflow_computation": 0.1357576847076416,
        "total": 0.5049755573272705
    },
    "total": 0.6064629554748535
}