{
    "Agent": {
        "total": 0.014738321304321289
    },
    "Env": {
        "apply_act": 0.3525826930999756,
        "observation_computation": 0.1341090202331543,
        "powerflow_computation": 0.17808079719543457,
        "total": 0.6647725105285645
    },
    "total": 0.7976789474487305
}