{
    "Agent": {
        "total": 18.68948245048523
    },
    "Env": {
        "apply_act": 0.9008200168609619,
        "observation_computation": 0.33704209327697754,
        "powerflow_computation": 0.4468848705291748,
        "total": 1.6847469806671143
    },
    "total": 20.64393377304077
}