{
    "Agent": {
        "total": 3.694241523742676
    },
    "Env": {
        "apply_act": 3.2150003910064697,
        "observation_computation": 1.2235183715820312,
        "powerflow_computation": 1.4996283054351807,
        "total": 5.938147068023682
    },
    "total": 10.684168100357056
}