{
    "Agent": {
        "total": 2.3919496536254883
    },
    "Env": {
        "apply_act": 2.5780997276306152,
        "observation_computation": 0.9450054168701172,
        "powerflow_computation": 1.2798075675964355,
        "total": 4.802912712097168
    },
    "total": 8.0220468044281
}