{
    "Agent": {
        "total": 0.008732318878173828
    },
    "Env": {
        "apply_act": 0.2101607322692871,
        "observation_computation": 0.0803072452545166,
        "powerflow_computation": 0.10636377334594727,
        "total": 0.396831750869751
    },
    "total": 0.4758620262145996
}