{
    "Agent": {
        "total": 50.75505805015564
    },
    "Env": {
        "apply_act": 1.5193462371826172,
        "observation_computation": 0.5890233516693115,
        "powerflow_computation": 0.6599040031433105,
        "total": 2.7682735919952393
    },
    "total": 53.962833881378174
}