{
    "Agent": {
        "total": 0.020444631576538086
    },
    "Env": {
        "apply_act": 0.5019700527191162,
        "observation_computation": 0.18638348579406738,
        "powerflow_computation": 0.2422184944152832,
        "total": 0.9305720329284668
    },
    "total": 1.113858699798584
}