{
    "Agent": {
        "total": 0.03769183158874512
    },
    "Env": {
        "apply_act": 0.9130556583404541,
        "observation_computation": 0.3403763771057129,
        "powerflow_computation": 0.43624329566955566,
        "total": 1.6896753311157227
    },
    "total": 2.024488925933838
}