{
    "Agent": {
        "total": 0.008209228515625
    },
    "Env": {
        "apply_act": 0.19476747512817383,
        "observation_computation": 0.07506418228149414,
        "powerflow_computation": 0.10080909729003906,
        "total": 0.37064075469970703
    },
    "total": 0.44417572021484375
}