{
    "Agent": {
        "total": 0.0024580955505371094
    },
    "Env": {
        "apply_act": 0.05486130714416504,
        "observation_computation": 0.020360946655273438,
        "powerflow_computation": 0.028846263885498047,
        "total": 0.10406851768493652
    },
    "total": 0.12494897842407227
}